{
    "spanish": {
        "rouge1_ref": {
            "mean": 0.2701415130511082,
            "ci": 0.020376837921929458
        },
        "rouge2_ref": {
            "mean": 0.07720581582100418,
            "ci": 0.014471611758565553
        },
        "rougeL_ref": {
            "mean": 0.18138427327047532,
            "ci": 0.015271902954384603
        },
        "bleu": {
            "mean": 2.9997258900245583,
            "ci": 0.0
        },
        "chrf": {
            "mean": 33.49998958337416,
            "ci": 0.0
        },
        "bertscore": {
            "mean": 0.6489922779880158,
            "ci": 0.009841813432843738
        },
        "bleurt": {
            "mean": 0.33909727388048827,
            "ci": 0.020156343296578505
        },
        "comet": {
            "mean": -0.7182164663729602,
            "ci": 0.09247704940299462
        },
        "target_lang_acc": 1.0
    },
    "portuguese": {
        "rouge1_ref": {
            "mean": 0.241441882834399,
            "ci": 0.020674380817090998
        },
        "rouge2_ref": {
            "mean": 0.06198476086241627,
            "ci": 0.015797909094443043
        },
        "rougeL_ref": {
            "mean": 0.16688821286232297,
            "ci": 0.01649067229872153
        },
        "bleu": {
            "mean": 2.2634668296921623,
            "ci": 0.0
        },
        "chrf": {
            "mean": 32.31509372937247,
            "ci": 0.0
        },
        "bertscore": {
            "mean": 0.649556312423486,
            "ci": 0.011386555719834046
        },
        "bleurt": {
            "mean": 0.25721073953004986,
            "ci": 0.02865592858825744
        },
        "comet": {
            "mean": -0.6297036839935642,
            "ci": 0.12157557540071706
        },
        "target_lang_acc": 1.0
    },
    "english": {
        "rouge1_ref": {
            "mean": 0.2360817732161838,
            "ci": 0.011217427767938326
        },
        "rouge2_ref": {
            "mean": 0.06020022692997792,
            "ci": 0.00781612371547482
        },
        "rougeL_ref": {
            "mean": 0.16440855973274351,
            "ci": 0.009438601187559792
        },
        "bleu": {
            "mean": 2.329891714182673,
            "ci": 0.0
        },
        "chrf": {
            "mean": 31.811613817515127,
            "ci": 0.0
        },
        "bertscore": {
            "mean": 0.6497275245189666,
            "ci": 0.00528376922756435
        },
        "bleurt": {
            "mean": 0.44554244332015513,
            "ci": 0.010654267000034467
        },
        "comet": {
            "mean": -0.5215906468871981,
            "ci": 0.05254701786395155
        },
        "target_lang_acc": 1.0
    },
    "russian": {
        "rouge1_ref": {
            "mean": 0.09581321456321455,
            "ci": 0.0439262993950494
        },
        "rouge2_ref": {
            "mean": 0.015323565323565325,
            "ci": 0.017094017094017096
        },
        "rougeL_ref": {
            "mean": 0.09367646242646242,
            "ci": 0.04415740509490508
        },
        "bleu": {
            "mean": 2.3367970273964955,
            "ci": 0.0
        },
        "chrf": {
            "mean": 31.733202603734046,
            "ci": 0.0
        },
        "bertscore": {
            "mean": 0.6510447785258293,
            "ci": 0.007604009213929008
        },
        "bleurt": {
            "mean": 0.44372045606947863,
            "ci": 0.01620583355140226
        },
        "comet": {
            "mean": -0.19146370596718043,
            "ci": 0.09255623366222532
        },
        "target_lang_acc": 1.0
    },
    "arabic": {
        "rouge1_ref": {
            "mean": 0.019675925925925927,
            "ci": 0.027806712962962932
        },
        "rouge2_ref": {
            "mean": 0.0,
            "ci": 0.0
        },
        "rougeL_ref": {
            "mean": 0.019675925925925927,
            "ci": 0.02893518518518518
        },
        "bleu": {
            "mean": 1.8815670500378132,
            "ci": 0.0
        },
        "chrf": {
            "mean": 31.56946654382037,
            "ci": 0.0
        },
        "bertscore": {
            "mean": 0.6568542675425609,
            "ci": 0.0070561707795907536
        },
        "bleurt": {
            "mean": 0.2821952002122998,
            "ci": 0.018766727911618875
        },
        "comet": {
            "mean": -0.37248612252490904,
            "ci": 0.07914258893482229
        },
        "target_lang_acc": 1.0
    },
    "chinese_simplified": {
        "rouge1_ref": {
            "mean": 0.14341100076394195,
            "ci": 0.0862752525252525
        },
        "rouge2_ref": {
            "mean": 0.018487394957983194,
            "ci": 0.03417366946778712
        },
        "rougeL_ref": {
            "mean": 0.1409600203717851,
            "ci": 0.0885576351752822
        },
        "bleu": {
            "mean": 1.9241051130315951,
            "ci": 0.0
        },
        "chrf": {
            "mean": 12.452149528328706,
            "ci": 0.0
        },
        "bertscore": {
            "mean": 0.6589888790074516,
            "ci": 0.00936160172317535
        },
        "bleurt": {
            "mean": 0.44028809316018047,
            "ci": 0.022435296253830783
        },
        "comet": {
            "mean": -0.43060599402615835,
            "ci": 0.10921820616988726
        },
        "target_lang_acc": 1.0
    },
    "french": {
        "rouge1_ref": {
            "mean": 0.3265495486425719,
            "ci": 0.044157522064498855
        },
        "rouge2_ref": {
            "mean": 0.10976898960146383,
            "ci": 0.020912828580354342
        },
        "rougeL_ref": {
            "mean": 0.20996318189009222,
            "ci": 0.03262861169837922
        },
        "bleu": {
            "mean": 2.6014323849785392,
            "ci": 0.0
        },
        "chrf": {
            "mean": 36.04913383125387,
            "ci": 0.0
        },
        "bertscore": {
            "mean": 0.6628565043210983,
            "ci": 0.029242441058158875
        },
        "bleurt": {
            "mean": 0.33159229904413223,
            "ci": 0.13368675857782364
        },
        "comet": {
            "mean": -0.7013130784034729,
            "ci": 0.6379872411489487
        },
        "target_lang_acc": 1.0
    }
}