{
    "spanish": {
        "rouge1_ref": {
            "mean": 0.3606940736666935,
            "ci": 0.01642987866843071
        },
        "rouge2_ref": {
            "mean": 0.35687134534969788,
            "ci": 0.015999602979912958
        },
        "rougeL_ref": {
            "mean": 0.28541584470066567,
            "ci": 0.01621147786614041
        },
        "bleu": {
            "mean": 9.826424507230907,
            "ci": 0.0
        },
        "chrf": {
            "mean": 31.653288745227076,
            "ci": 0.0
        },
        "bertscore": {
            "mean": 0.6953497973980604,
            "ci": 0.00888585898165517
        },
        "bleurt": {
            "mean": 0.4112082296734923,
            "ci": 0.018744998556802783
        },
        "comet": {
            "mean": -0.42039545432670966,
            "ci": 0.08404023645159142
        },
        "target_lang_acc": 0.9965034965034965
    },
    "portuguese": {
        "rouge1_ref": {
            "mean": 0.3449508598024688,
            "ci": 0.016468271466460793
        },
        "rouge2_ref": {
            "mean": 0.35178154247140035,
            "ci": 0.016298465638158455
        },
        "rougeL_ref": {
            "mean": 0.2728308922290043,
            "ci": 0.017969764516963305
        },
        "bleu": {
            "mean": 8.508347072593871,
            "ci": 0.0
        },
        "chrf": {
            "mean": 30.803625471728584,
            "ci": 0.0
        },
        "bertscore": {
            "mean": 0.7007255818329605,
            "ci": 0.008377910414162915
        },
        "bleurt": {
            "mean": 0.38281564776803934,
            "ci": 0.020768584316852023
        },
        "comet": {
            "mean": -0.3291618892594295,
            "ci": 0.08408419872278011
        },
        "target_lang_acc": 1.0
    },
    "english": {
        "rouge1_ref": {
            "mean": 0.38867608564793976,
            "ci": 0.010502407365072297
        },
        "rouge2_ref": {
            "mean": 0.3806200743424879,
            "ci": 0.009535695543245654
        },
        "rougeL_ref": {
            "mean": 0.321673958258788,
            "ci": 0.010192343993211894
        },
        "bleu": {
            "mean": 11.496549048173097,
            "ci": 0.0
        },
        "chrf": {
            "mean": 34.35231575861999,
            "ci": 0.0
        },
        "bertscore": {
            "mean": 0.7229256906211377,
            "ci": 0.004643353100121095
        },
        "bleurt": {
            "mean": 0.5219157936424017,
            "ci": 0.008305410543456682
        },
        "comet": {
            "mean": -0.1514526326963678,
            "ci": 0.03833600614673924
        },
        "target_lang_acc": 1.0
    },
    "russian": {
        "rouge1_ref": {
            "mean": 0.17147477147477144,
            "ci": 0.03229531729531729
        },
        "rouge2_ref": {
            "mean": 0.342570042570042564,
            "ci": 0.016742649242649246
        },
        "rougeL_ref": {
            "mean": 0.17064317064317064,
            "ci": 0.031534460284460275
        },
        "bleu": {
            "mean": 5.5451995328589785,
            "ci": 0.0
        },
        "chrf": {
            "mean": 27.970797000987304,
            "ci": 0.0
        },
        "bertscore": {
            "mean": 0.6938356024807555,
            "ci": 0.00625985701899523
        },
        "bleurt": {
            "mean": 0.46683621892934035,
            "ci": 0.013489238324569275
        },
        "comet": {
            "mean": 0.058357163146525434,
            "ci": 0.05655371197949506
        },
        "target_lang_acc": 0.9958419958419958
    },
    "arabic": {
        "rouge1_ref": {
            "mean": 0.05,
            "ci": 0.020542635658914718
        },
        "rouge2_ref": {
            "mean": 0.304651162790697674,
            "ci": 0.0069767441860465115
        },
        "rougeL_ref": {
            "mean": 0.05,
            "ci": 0.02171511627906976
        },
        "bleu": {
            "mean": 4.7393394747638125,
            "ci": 0.0
        },
        "chrf": {
            "mean": 28.950876006262423,
            "ci": 0.0
        },
        "bertscore": {
            "mean": 0.6892947920533113,
            "ci": 0.005762299538351723
        },
        "bleurt": {
            "mean": 0.39230822591587555,
            "ci": 0.01661848873073274
        },
        "comet": {
            "mean": -0.1398120567722376,
            "ci": 0.056237739965991046
        },
        "target_lang_acc": 1.0
    },
    "chinese_simplified": {
        "rouge1_ref": {
            "mean": 0.2825174478299478,
            "ci": 0.06255217178654682
        },
        "rouge2_ref": {
            "mean": 0.32436036186036185,
            "ci": 0.04774994970307468
        },
        "rougeL_ref": {
            "mean": 0.28024472055722055,
            "ci": 0.06281870820152075
        },
        "bleu": {
            "mean": 0.3545555519510363,
            "ci": 0.0
        },
        "chrf": {
            "mean": 21.195213813746417,
            "ci": 0.0
        },
        "bertscore": {
            "mean": 0.7324839811772108,
            "ci": 0.015577463442459694
        },
        "bleurt": {
            "mean": 0.5065087937749922,
            "ci": 0.02970950993476429
        },
        "comet": {
            "mean": -0.06478510739980266,
            "ci": 0.10570313990436263
        },
        "target_lang_acc": 1.0
    },
    "french": {
        "rouge1_ref": {
            "mean": 0.5664747459783446,
            "ci": 0.11620254613061931
        },
        "rouge2_ref": {
            "mean": 0.4243590126303453,
            "ci": 0.16021989567938938
        },
        "rougeL_ref": {
            "mean": 0.5153414027569323,
            "ci": 0.14170463303241743
        },
        "bleu": {
            "mean": 35.99943010791858,
            "ci": 0.0
        },
        "chrf": {
            "mean": 50.27493659939949,
            "ci": 0.0
        },
        "bertscore": {
            "mean": 0.7920817600356208,
            "ci": 0.058945941759480314
        },
        "bleurt": {
            "mean": 0.49828512138790554,
            "ci": 0.15095889197869422
        },
        "comet": {
            "mean": 0.016551436649428472,
            "ci": 0.3958207714888785
        },
        "target_lang_acc": 1.0
    }
}