{
    "amharic": {
        "rouge1_ref": {
            "mean": 0.0034965034965034965,
            "ci": 0.006993006993006994
        },
        "rouge2_ref": {
            "mean": 0.0,
            "ci": 0.0
        },
        "rougeL_ref": {
            "mean": 0.0034965034965034965,
            "ci": 0.01048951048951049
        },
        "bleu": {
            "mean": 0.0016647537018520335,
            "ci": 0.0
        },
        "chrf": {
            "mean": 0.018167635780623602,
            "ci": 0.0
        },
        "bertscore": {
            "mean": 0.44311583646527536,
            "ci": 0.008489424365383802
        },
        "bleurt": {
            "mean": 0.09492681258833492,
            "ci": 0.012854906631360102
        },
        "comet": {
            "mean": -1.658660486027911,
            "ci": 0.02103744065844948
        },
        "target_lang_acc": 0.0
    },
    "english": {
        "rouge1_ref": {
            "mean": 0.05896575894410885,
            "ci": 0.007141437830816728
        },
        "rouge2_ref": {
            "mean": 0.005973669029197084,
            "ci": 0.002567429190101062
        },
        "rougeL_ref": {
            "mean": 0.05341479942206198,
            "ci": 0.006338843449598432
        },
        "bleu": {
            "mean": 0.003076724010236738,
            "ci": 0.0
        },
        "chrf": {
            "mean": 5.333344934938111,
            "ci": 0.0
        },
        "bertscore": {
            "mean": 0.4888975274941278,
            "ci": 0.0064435750648143
        },
        "bleurt": {
            "mean": 0.020575287654286338,
            "ci": 0.005773519030993893
        },
        "comet": {
            "mean": -1.765444550816975,
            "ci": 0.018522552999239217
        },
        "target_lang_acc": 0.9079365079365079
    },
    "hausa": {
        "rouge1_ref": {
            "mean": 0.006632665759864829,
            "ci": 0.0049818476790531524
        },
        "rouge2_ref": {
            "mean": 0.001242690058479532,
            "ci": 0.0019005847953216376
        },
        "rougeL_ref": {
            "mean": 0.006298497004643443,
            "ci": 0.00430312286237342
        },
        "bleu": {
            "mean": 0.0002348305302411853,
            "ci": 0.0
        },
        "chrf": {
            "mean": 2.993647312166715,
            "ci": 0.0
        },
        "bertscore": {
            "mean": 0.48089411415551836,
            "ci": 0.010491993066511662
        },
        "bleurt": {
            "mean": 0.15097367481181495,
            "ci": 0.02798231678181573
        },
        "comet": {
            "mean": -1.683994440028542,
            "ci": 0.024989856450181147
        },
        "target_lang_acc": 0.0
    },
    "sinhala": {
        "rouge1_ref": {
            "mean": 0.01810344827586207,
            "ci": 0.03189655172413793
        },
        "rouge2_ref": {
            "mean": 0.0,
            "ci": 0.0
        },
        "rougeL_ref": {
            "mean": 0.011206896551724138,
            "ci": 0.01810344827586207
        },
        "bleu": {
            "mean": 0.0008165030555550162,
            "ci": 0.0
        },
        "chrf": {
            "mean": 0.23349781882792214,
            "ci": 0.0
        },
        "bertscore": {
            "mean": 0.4607111344049717,
            "ci": 0.011997867298537301
        },
        "bleurt": {
            "mean": 0.052222707533630834,
            "ci": 0.012956146147615956
        },
        "comet": {
            "mean": -1.6102927306602741,
            "ci": 0.028201244874247244
        },
        "target_lang_acc": 0.0
    },
    "uzbek": {
        "rouge1_ref": {
            "mean": 0.011111111111111112,
            "ci": 0.02222222222222222
        },
        "rouge2_ref": {
            "mean": 0.0,
            "ci": 0.0
        },
        "rougeL_ref": {
            "mean": 0.011111111111111112,
            "ci": 0.02222222222222222
        },
        "bleu": {
            "mean": 0.00261905254380174,
            "ci": 0.0
        },
        "chrf": {
            "mean": 0.12551688459180596,
            "ci": 0.0
        },
        "bertscore": {
            "mean": 0.4699355396959517,
            "ci": 0.01569211650225849
        },
        "bleurt": {
            "mean": 0.03721738292111291,
            "ci": 0.015068507923020252
        },
        "comet": {
            "mean": -1.9731107632319131,
            "ci": 0.06667681634426148
        },
        "target_lang_acc": 0.0
    }
}