{
    "spanish": {
        "rouge1_ref": {
            "mean": 0.13314239857589943,
            "ci": 0.012770327373956836
        },
        "rouge2_ref": {
            "mean": 0.2077542342029135606,
            "ci": 0.002885391014985643
        },
        "rougeL_ref": {
            "mean": 0.09093678920573796,
            "ci": 0.00816791845316539
        },
        "bleu": {
            "mean": 0.0929845412238552,
            "ci": 0.0
        },
        "chrf": {
            "mean": 20.40175266953449,
            "ci": 0.0
        },
        "bertscore": {
            "mean": 0.6755332181419152,
            "ci": 0.005268372811269018
        },
        "bleurt": {
            "mean": 0.29687007358972577,
            "ci": 0.012370534068432401
        },
        "comet": {
            "mean": -0.437673074611719,
            "ci": 0.03721580293731419
        },
        "target_lang_acc": 0.9466666666666667
    },
    "portuguese": {
        "rouge1_ref": {
            "mean": 0.10568823670107044,
            "ci": 0.010861093557176557
        },
        "rouge2_ref": {
            "mean": 0.2045893389771148665,
            "ci": 0.0024152526702913048
        },
        "rougeL_ref": {
            "mean": 0.07479717255137919,
            "ci": 0.0069379427457360865
        },
        "bleu": {
            "mean": 0.07892172588002414,
            "ci": 0.0
        },
        "chrf": {
            "mean": 19.422508740916694,
            "ci": 0.0
        },
        "bertscore": {
            "mean": 0.6783041259821724,
            "ci": 0.004700198418953749
        },
        "bleurt": {
            "mean": 0.217190226152831434,
            "ci": 0.013780778997084669
        },
        "comet": {
            "mean": -0.466434502134136,
            "ci": 0.03292233979000758
        },
        "target_lang_acc": 0.98
    },
    "english": {
        "rouge1_ref": {
            "mean": 0.0,
            "ci": 0.0
        },
        "rouge2_ref": {
            "mean": 0.2243232636243,
            "ci": 0.0
        },
        "rougeL_ref": {
            "mean": 0.0,
            "ci": 0.0
        },
        "bleu": {
            "mean": 0.0,
            "ci": 0.0
        },
        "chrf": {
            "mean": 0.0,
            "ci": 0.0
        },
        "bertscore": {
            "mean": 0.6789,
            "ci": 0.0
        },
        "bleurt": {
            "mean": 0.212007005612055461,
            "ci": 0.003971245716015497
        },
        "comet": {
            "mean": -0.5129010279973347,
            "ci": 0.009807741145292814
        },
        "target_lang_acc": 0.98
    },
    "russian": {
        "rouge1_ref": {
            "mean": 0.005291005291005292,
            "ci": 0.010582010582010581
        },
        "rouge2_ref": {
            "mean": 0.21212123265323,
            "ci": 0.0
        },
        "rougeL_ref": {
            "mean": 0.005291005291005292,
            "ci": 0.010714285714285593
        },
        "bleu": {
            "mean": 0.07951409684100232,
            "ci": 0.0
        },
        "chrf": {
            "mean": 18.42813749738757,
            "ci": 0.0
        },
        "bertscore": {
            "mean": 0.6712977912690904,
            "ci": 0.004606504005098988
        },
        "bleurt": {
            "mean": 0.2908533029139988,
            "ci": 0.0164331257816345
        },
        "comet": {
            "mean": -0.3109332190619574,
            "ci": 0.06291664588072932
        },
        "target_lang_acc": 0.9666666666666667
    },
    "arabic": {
        "rouge1_ref": {
            "mean": 0.0,
            "ci": 0.0
        },
        "rouge2_ref": {
            "mean": 0.32763473475,
            "ci": 0.0
        },
        "rougeL_ref": {
            "mean": 0.0,
            "ci": 0.0
        },
        "bleu": {
            "mean": 0.0,
            "ci": 0.0
        },
        "chrf": {
            "mean": 0.0,
            "ci": 0.0
        },
        "bertscore": {
            "mean": 0.62327327,
            "ci": 0.0
        },
        "bleurt": {
            "mean": 0.211059529547180449,
            "ci": 0.00819317298675222
        },
        "comet": {
            "mean": -0.5473954720156533,
            "ci": 0.013416213169693991
        },
        "target_lang_acc": 0.98
    },
    "chinese_simplified": {
        "rouge1_ref": {
            "mean": 0.004357298474945534,
            "ci": 0.00871459694989107
        },
        "rouge2_ref": {
            "mean": 0.2787345354345,
            "ci": 0.0
        },
        "rougeL_ref": {
            "mean": 0.004357298474945534,
            "ci": 0.00871459694989107
        },
        "bleu": {
            "mean": 0.025613509014014196,
            "ci": 0.0
        },
        "chrf": {
            "mean": 2.6228787839764043,
            "ci": 0.0
        },
        "bertscore": {
            "mean": 0.6821746622814852,
            "ci": 0.005795804805615368
        },
        "bleurt": {
            "mean": 0.25333556164713466,
            "ci": 0.020296420675574578
        },
        "comet": {
            "mean": -0.4157253784291886,
            "ci": 0.046035794417063514
        },
        "target_lang_acc": 0.9533333333333334
    },
    "french": {
        "rouge1_ref": {
            "mean": 0.13932612723598736,
            "ci": 0.01850788247197796
        },
        "rouge2_ref": {
            "mean": 0.206189229618548991,
            "ci": 0.006189229618548991
        },
        "rougeL_ref": {
            "mean": 0.09558341188443219,
            "ci": 0.012239692545254713
        },
        "bleu": {
            "mean": 0.34140346636035734,
            "ci": 0.0
        },
        "chrf": {
            "mean": 21.613438951353086,
            "ci": 0.0
        },
        "bertscore": {
            "mean": 0.6754048079252243,
            "ci": 0.01882461160421367
        },
        "bleurt": {
            "mean": 0.21515541598200798,
            "ci": 0.08509210124611855
        },
        "comet": {
            "mean": -0.4878156781196594,
            "ci": 0.2746923267841339
        },
        "target_lang_acc": 1.0
    }
}

