{
    "spanish": {
        "rouge1_ref": {
            "mean": 0.2263959743189311,
            "ci": 0.10250216900919662
        },
        "rouge2_ref": {
            "mean": 0.027210884353741496,
            "ci": 0.054421768707482984
        },
        "rougeL_ref": {
            "mean": 0.14245705361790734,
            "ci": 0.037542946382092685
        },
        "bleu": {
            "mean": 0.6805702048777935,
            "ci": 0.0
        },
        "chrf": {
            "mean": 26.87122431888539,
            "ci": 0.0
        },
        "bertscore": {
            "mean": 0.618821938832601,
            "ci": 0.031421562035878536
        },
        "bleurt": {
            "mean": 0.30189662675062817,
            "ci": 0.10999853412310284
        },
        "comet": {
            "mean": -0.6555392394463221,
            "ci": 0.6822884430487951
        },
        "target_lang_acc": 1.0
    },
    "portuguese": {
        "rouge1_ref": {
            "mean": 0.2161048060761499,
            "ci": 0.05276131341627249
        },
        "rouge2_ref": {
            "mean": 0.048920180818980086,
            "ci": 0.035858056910174255
        },
        "rougeL_ref": {
            "mean": 0.1392410035243625,
            "ci": 0.02141810393041363
        },
        "bleu": {
            "mean": 1.4439613391648476,
            "ci": 0.0
        },
        "chrf": {
            "mean": 29.40890459982013,
            "ci": 0.0
        },
        "bertscore": {
            "mean": 0.6348861336708069,
            "ci": 0.013428032398223877
        },
        "bleurt": {
            "mean": 0.17286623120307923,
            "ci": 0.07985921800136567
        },
        "comet": {
            "mean": -0.6293364763259888,
            "ci": 0.37777769565582275
        },
        "target_lang_acc": 1.0
    },
    "english": {
        "rouge1_ref": {
            "mean": 0.1710643826332035,
            "ci": 0.0683499732572651
        },
        "rouge2_ref": {
            "mean": 0.025907425907425907,
            "ci": 0.041558441558441545
        },
        "rougeL_ref": {
            "mean": 0.12676696891446804,
            "ci": 0.06353855005753736
        },
        "bleu": {
            "mean": 1.979808546541754,
            "ci": 0.0
        },
        "chrf": {
            "mean": 26.031148779513817,
            "ci": 0.0
        },
        "bertscore": {
            "mean": 0.612600576877594,
            "ci": 0.020095515251159712
        },
        "bleurt": {
            "mean": 0.42468374967575073,
            "ci": 0.0861866235733032
        },
        "comet": {
            "mean": -0.7108771920204162,
            "ci": 0.3933412432670593
        },
        "target_lang_acc": 1.0
    }
}