{
    "amharic": {
        "rouge1_ref": {
            "mean": 0.025,
            "ci": 0.049999999999999996
        },
        "rouge2_ref": {
            "mean": 0.0,
            "ci": 0.0
        },
        "rougeL_ref": {
            "mean": 0.025,
            "ci": 0.049999999999999996
        },
        "bleu": {
            "mean": 0.011193524827549916,
            "ci": 0.0
        },
        "chrf": {
            "mean": 0.07739996581901756,
            "ci": 0.0
        },
        "bertscore": {
            "mean": 0.4507760927081108,
            "ci": 0.02673534289002416
        },
        "bleurt": {
            "mean": 0.09656816720962524,
            "ci": 0.04092869760468598
        },
        "comet": {
            "mean": -1.674768579006195,
            "ci": 0.06731124192476279
        },
        "target_lang_acc": 0.0
    },
    "english": {
        "rouge1_ref": {
            "mean": 0.06481510032010589,
            "ci": 0.03821093470859875
        },
        "rouge2_ref": {
            "mean": 0.008166666666666666,
            "ci": 0.01216666666666667
        },
        "rougeL_ref": {
            "mean": 0.05314101800642401,
            "ci": 0.028535734098637314
        },
        "bleu": {
            "mean": 0.005407320746403802,
            "ci": 0.0
        },
        "chrf": {
            "mean": 5.862471927943922,
            "ci": 0.0
        },
        "bertscore": {
            "mean": 0.4963288754224777,
            "ci": 0.026058677732944457
        },
        "bleurt": {
            "mean": 0.03574552088975906,
            "ci": 0.028469209149479868
        },
        "comet": {
            "mean": -1.7716830909252166,
            "ci": 0.07408997341990475
        },
        "target_lang_acc": 0.9
    }
}