{
    "spanish": {
        "rouge1_ref": {
            "mean": 0.3504834495461649,
            "ci": 0.011691240437391504
        },
        "rouge2_ref": {
            "mean": 0.14526897597085534,
            "ci": 0.009233012475988789
        },
        "rougeL_ref": {
            "mean": 0.27023687042723565,
            "ci": 0.010183550192862045
        },
        "bleu": {
            "mean": 9.064351524067746,
            "ci": 0.0
        },
        "chrf": {
            "mean": 30.90946507569291,
            "ci": 0.0
        },
        "bertscore": {
            "mean": 0.6875746281071424,
            "ci": 0.005724324070196296
        },
        "bleurt": {
            "mean": 0.39589788466262543,
            "ci": 0.011735988747038684
        },
        "comet": {
            "mean": -0.4940382722558545,
            "ci": 0.051127005225518496
        },
        "target_lang_acc": 0.9956772334293948
    },
    "portuguese": {
        "rouge1_ref": {
            "mean": 0.33202061005692524,
            "ci": 0.013038251074079854
        },
        "rouge2_ref": {
            "mean": 0.1383282223190367,
            "ci": 0.011573914718322559
        },
        "rougeL_ref": {
            "mean": 0.2608754642739476,
            "ci": 0.012267261857676903
        },
        "bleu": {
            "mean": 7.888874735731576,
            "ci": 0.0
        },
        "chrf": {
            "mean": 30.024032877270734,
            "ci": 0.0
        },
        "bertscore": {
            "mean": 0.6956979375504051,
            "ci": 0.006203567772854246
        },
        "bleurt": {
            "mean": 0.36268000625790914,
            "ci": 0.015682539632193182
        },
        "comet": {
            "mean": -0.3963921673198437,
            "ci": 0.05872757248648647
        },
        "target_lang_acc": 1.0
    },
    "english": {
        "rouge1_ref": {
            "mean": 0.38481700003393415,
            "ci": 0.0061304949383420015
        },
        "rouge2_ref": {
            "mean": 0.17482899789283424,
            "ci": 0.005759865477961812
        },
        "rougeL_ref": {
            "mean": 0.31698060413422124,
            "ci": 0.006446902102575702
        },
        "bleu": {
            "mean": 10.793285912603059,
            "ci": 0.0
        },
        "chrf": {
            "mean": 33.75176816155995,
            "ci": 0.0
        },
        "bertscore": {
            "mean": 0.7207537085345564,
            "ci": 0.0029117315003879263
        },
        "bleurt": {
            "mean": 0.5136122073378813,
            "ci": 0.004983733222462039
        },
        "comet": {
            "mean": -0.1896426574907067,
            "ci": 0.02494612528189366
        },
        "target_lang_acc": 1.0
    },
    "russian": {
        "rouge1_ref": {
            "mean": 0.15907413588488356,
            "ci": 0.02323880915294463
        },
        "rouge2_ref": {
            "mean": 0.044520471740097906,
            "ci": 0.0125450600801068
        },
        "rougeL_ref": {
            "mean": 0.1574942515947189,
            "ci": 0.023705032636107404
        },
        "bleu": {
            "mean": 5.593526900958596,
            "ci": 0.0
        },
        "chrf": {
            "mean": 27.81368140661072,
            "ci": 0.0
        },
        "bertscore": {
            "mean": 0.6916936219574135,
            "ci": 0.004414128973453391
        },
        "bleurt": {
            "mean": 0.4677917720732566,
            "ci": 0.010390872317235733
        },
        "comet": {
            "mean": 0.044404239590697545,
            "ci": 0.04291702769353993
        },
        "target_lang_acc": 0.9929906542056075
    },
    "arabic": {
        "rouge1_ref": {
            "mean": 0.04123887748117727,
            "ci": 0.013180184804928136
        },
        "rouge2_ref": {
            "mean": 0.003080082135523614,
            "ci": 0.004106776180698152
        },
        "rougeL_ref": {
            "mean": 0.04123887748117727,
            "ci": 0.011806981519507188
        },
        "bleu": {
            "mean": 4.489931377523671,
            "ci": 0.0
        },
        "chrf": {
            "mean": 28.48068502634514,
            "ci": 0.0
        },
        "bertscore": {
            "mean": 0.6869961514120474,
            "ci": 0.003811889755285236
        },
        "bleurt": {
            "mean": 0.38698296013309236,
            "ci": 0.009797370708805708
        },
        "comet": {
            "mean": -0.17786372812499257,
            "ci": 0.037680671666079496
        },
        "target_lang_acc": 1.0
    },
    "chinese_simplified": {
        "rouge1_ref": {
            "mean": 0.25499426485213894,
            "ci": 0.033889252294441397
        },
        "rouge2_ref": {
            "mean": 0.11559490644856497,
            "ci": 0.02465578769694622
        },
        "rougeL_ref": {
            "mean": 0.24982051299227886,
            "ci": 0.03501913307087656
        },
        "bleu": {
            "mean": 0.7087634418921774,
            "ci": 0.0
        },
        "chrf": {
            "mean": 19.02440622717117,
            "ci": 0.0
        },
        "bertscore": {
            "mean": 0.7206101649539257,
            "ci": 0.0076559952846387835
        },
        "bleurt": {
            "mean": 0.47801413877708154,
            "ci": 0.01586769881196376
        },
        "comet": {
            "mean": -0.1453204587389662,
            "ci": 0.057284368424415116
        },
        "target_lang_acc": 0.991869918699187
    },
    "french": {
        "rouge1_ref": {
            "mean": 0.39916404459696614,
            "ci": 0.02878166615352057
        },
        "rouge2_ref": {
            "mean": 0.21922988900860896,
            "ci": 0.033264980717404746
        },
        "rougeL_ref": {
            "mean": 0.32224396921755316,
            "ci": 0.029797604978059777
        },
        "bleu": {
            "mean": 13.411384552260472,
            "ci": 0.0
        },
        "chrf": {
            "mean": 33.909779092554196,
            "ci": 0.0
        },
        "bertscore": {
            "mean": 0.7198533296893915,
            "ci": 0.013763965392205368
        },
        "bleurt": {
            "mean": 0.33815111729456354,
            "ci": 0.03235841522697802
        },
        "comet": {
            "mean": -0.4823181672320928,
            "ci": 0.10789724585233457
        },
        "target_lang_acc": 1.0
    }
}