{
    "amharic": {
        "rouge1_ref": {
            "mean": 0.0,
            "ci": 0.0
        },
        "rouge2_ref": {
            "mean": 0.0,
            "ci": 0.0
        },
        "rougeL_ref": {
            "mean": 0.0,
            "ci": 0.0
        },
        "bleu": {
            "mean": 0.023091846269715745,
            "ci": 0.0
        },
        "chrf": {
            "mean": 3.0306237082432106,
            "ci": 0.0
        },
        "bertscore": {
            "mean": 0.2038160147546213,
            "ci": 0.0641463316316846
        },
        "bleurt": {
            "mean": 0.23610598697692534,
            "ci": 0.03430382486291325
        },
        "comet": {
            "mean": -1.3383764291677294,
            "ci": 0.059780797484932036
        },
        "target_lang_acc": 0.9795918367346939
    },
    "english": {
        "rouge1_ref": {
            "mean": 0.1238479287394019,
            "ci": 0.011177353556734743
        },
        "rouge2_ref": {
            "mean": 0.006768593250158763,
            "ci": 0.0033711765752463436
        },
        "rougeL_ref": {
            "mean": 0.0962737769623042,
            "ci": 0.00787440616738816
        },
        "bleu": {
            "mean": 0.23316691758659833,
            "ci": 0.0
        },
        "chrf": {
            "mean": 16.025814708582335,
            "ci": 0.0
        },
        "bertscore": {
            "mean": 0.6006491061051686,
            "ci": 0.005442642976840384
        },
        "bleurt": {
            "mean": 0.1893736094236374,
            "ci": 0.007203065132101394
        },
        "comet": {
            "mean": -1.2912080204486847,
            "ci": 0.041664386580387625
        },
        "target_lang_acc": 1.0
    },
    "hausa": {
        "rouge1_ref": {
            "mean": 0.0,
            "ci": 0.0
        },
        "rouge2_ref": {
            "mean": 0.0,
            "ci": 0.0
        },
        "rougeL_ref": {
            "mean": 0.0,
            "ci": 0.0
        },
        "bleu": {
            "mean": 0.0,
            "ci": 0.0
        },
        "chrf": {
            "mean": 0.0,
            "ci": 0.0
        },
        "bertscore": {
            "mean": 0.0,
            "ci": 0.0
        },
        "bleurt": {
            "mean": 0.26111154877222503,
            "ci": 0.027384631049174546
        },
        "comet": {
            "mean": -1.4534690728554358,
            "ci": 0.00908789882293104
        },
        "target_lang_acc": 0.0
    },
    "sinhala": {
        "rouge1_ref": {
            "mean": 0.0,
            "ci": 0.0
        },
        "rouge2_ref": {
            "mean": 0.0,
            "ci": 0.0
        },
        "rougeL_ref": {
            "mean": 0.0,
            "ci": 0.0
        },
        "bleu": {
            "mean": 0.0,
            "ci": 0.0
        },
        "chrf": {
            "mean": 0.0,
            "ci": 0.0
        },
        "bertscore": {
            "mean": 0.0,
            "ci": 0.0
        },
        "bleurt": {
            "mean": 0.14729382718602815,
            "ci": 0.035112304923435034
        },
        "comet": {
            "mean": -1.4560143252213795,
            "ci": 0.014316343888640226
        },
        "target_lang_acc": 1.0
    },
    "uzbek": {
        "rouge1_ref": {
            "mean": 0.0,
            "ci": 0.0
        },
        "rouge2_ref": {
            "mean": 0.0,
            "ci": 0.0
        },
        "rougeL_ref": {
            "mean": 0.0,
            "ci": 0.0
        },
        "bleu": {
            "mean": 0.37312608716646906,
            "ci": 0.0
        },
        "chrf": {
            "mean": 11.073504414309147,
            "ci": 0.0
        },
        "bertscore": {
            "mean": 0.4446246773004532,
            "ci": 0.2918819934129715
        },
        "bleurt": {
            "mean": 0.08241759985685349,
            "ci": 0.06882534176111221
        },
        "comet": {
            "mean": -1.0106098651885986,
            "ci": 0.44801098108291626
        },
        "target_lang_acc": 0.044444444444444446
    }
}