{
    "spanish": {
        "rouge1_ref": {
            "mean": 0.36090647388174985,
            "ci": 0.021475122001683056
        },
        "rouge2_ref": {
            "mean": 0.15512631267723093,
            "ci": 0.019963518495497906
        },
        "rougeL_ref": {
            "mean": 0.28437261353233695,
            "ci": 0.022926270226239664
        },
        "bleu": {
            "mean": 9.889879548916623,
            "ci": 0.0
        },
        "chrf": {
            "mean": 31.668365271768028,
            "ci": 0.0
        },
        "bertscore": {
            "mean": 0.6975366654349309,
            "ci": 0.011369499612867373
        },
        "bleurt": {
            "mean": 0.4133980809863097,
            "ci": 0.024869016202446637
        },
        "comet": {
            "mean": -0.3974316397961838,
            "ci": 0.11104463341621551
        },
        "target_lang_acc": 1.0
    },
    "portuguese": {
        "rouge1_ref": {
            "mean": 0.3585876752554548,
            "ci": 0.026985750658032104
        },
        "rouge2_ref": {
            "mean": 0.16980591267969558,
            "ci": 0.02413036460948681
        },
        "rougeL_ref": {
            "mean": 0.28804117922367745,
            "ci": 0.026659306256566817
        },
        "bleu": {
            "mean": 10.324838106226306,
            "ci": 0.0
        },
        "chrf": {
            "mean": 32.88371808268682,
            "ci": 0.0
        },
        "bertscore": {
            "mean": 0.7081920234056619,
            "ci": 0.012902529583527556
        },
        "bleurt": {
            "mean": 0.4135406154852647,
            "ci": 0.028555964119732324
        },
        "comet": {
            "mean": -0.17806147632833857,
            "ci": 0.11548183597122819
        },
        "target_lang_acc": 1.0
    },
    "english": {
        "rouge1_ref": {
            "mean": 0.3858721743715208,
            "ci": 0.014847731783791396
        },
        "rouge2_ref": {
            "mean": 0.18021652505222135,
            "ci": 0.014073533776753827
        },
        "rougeL_ref": {
            "mean": 0.318972319130277,
            "ci": 0.014907728358425631
        },
        "bleu": {
            "mean": 11.53967366877589,
            "ci": 0.0
        },
        "chrf": {
            "mean": 34.54259430682526,
            "ci": 0.0
        },
        "bertscore": {
            "mean": 0.7220269286036491,
            "ci": 0.006497351244091898
        },
        "bleurt": {
            "mean": 0.5222767934799194,
            "ci": 0.010936891090869927
        },
        "comet": {
            "mean": -0.13530962610058486,
            "ci": 0.05120536377956161
        },
        "target_lang_acc": 1.0
    },
    "russian": {
        "rouge1_ref": {
            "mean": 0.16784032822168415,
            "ci": 0.04645581113801453
        },
        "rouge2_ref": {
            "mean": 0.03484665052461663,
            "ci": 0.023276836158192066
        },
        "rougeL_ref": {
            "mean": 0.16784032822168415,
            "ci": 0.043621620258272764
        },
        "bleu": {
            "mean": 4.924638414798319,
            "ci": 0.0
        },
        "chrf": {
            "mean": 27.775476927421778,
            "ci": 0.0
        },
        "bertscore": {
            "mean": 0.6941065149287046,
            "ci": 0.00826341415108256
        },
        "bleurt": {
            "mean": 0.46137701713685264,
            "ci": 0.018480597535874388
        },
        "comet": {
            "mean": 0.07323156173688249,
            "ci": 0.07613525435750736
        },
        "target_lang_acc": 0.9957627118644068
    },
    "arabic": {
        "rouge1_ref": {
            "mean": 0.06345177664974619,
            "ci": 0.036379018612521144
        },
        "rouge2_ref": {
            "mean": 0.005076142131979695,
            "ci": 0.010152284263959392
        },
        "rougeL_ref": {
            "mean": 0.06345177664974619,
            "ci": 0.03468697123519458
        },
        "bleu": {
            "mean": 4.55783591574093,
            "ci": 0.0
        },
        "chrf": {
            "mean": 28.32063040890115,
            "ci": 0.0
        },
        "bertscore": {
            "mean": 0.689268317319415,
            "ci": 0.0075464407426451
        },
        "bleurt": {
            "mean": 0.3996552222119975,
            "ci": 0.020953934541359798
        },
        "comet": {
            "mean": -0.11011358735335962,
            "ci": 0.08398951293338032
        },
        "target_lang_acc": 1.0
    },
    "chinese_simplified": {
        "rouge1_ref": {
            "mean": 0.2749835634451019,
            "ci": 0.09921252465483238
        },
        "rouge2_ref": {
            "mean": 0.1255411255411255,
            "ci": 0.07533799533799534
        },
        "rougeL_ref": {
            "mean": 0.2749835634451019,
            "ci": 0.0912887902695595
        },
        "bleu": {
            "mean": 0.6944304778854886,
            "ci": 0.0
        },
        "chrf": {
            "mean": 23.791529595150188,
            "ci": 0.0
        },
        "bertscore": {
            "mean": 0.755226640517895,
            "ci": 0.023385458198877496
        },
        "bleurt": {
            "mean": 0.5681099242888964,
            "ci": 0.04342352358194501
        },
        "comet": {
            "mean": 0.16504052605193395,
            "ci": 0.1558667621224258
        },
        "target_lang_acc": 1.0
    },
    "french": {
        "rouge1_ref": {
            "mean": 0.6204980095620325,
            "ci": 0.1983626065442765
        },
        "rouge2_ref": {
            "mean": 0.5146433481500623,
            "ci": 0.24594568821636398
        },
        "rougeL_ref": {
            "mean": 0.5975531249892408,
            "ci": 0.21621940991100497
        },
        "bleu": {
            "mean": 38.37585108000894,
            "ci": 0.0
        },
        "chrf": {
            "mean": 53.12441504704397,
            "ci": 0.0
        },
        "bertscore": {
            "mean": 0.8277287142617362,
            "ci": 0.08798949803624834
        },
        "bleurt": {
            "mean": 0.595992454460689,
            "ci": 0.13729390076228543
        },
        "comet": {
            "mean": 0.27270592536245075,
            "ci": 0.45561210172516964
        },
        "target_lang_acc": 1.0
    }
}