{
    "spanish": {
        "rouge1_ref": {
            "mean": 0.3504834495461649,
            "ci": 0.011691240437391504
        },
        "rouge2_ref": {
            "mean": 0.14526897597085534,
            "ci": 0.009233012475988789
        },
        "rougeL_ref": {
            "mean": 0.27023687042723565,
            "ci": 0.010183550192862045
        },
        "bleu": {
            "mean": 9.064351524067746,
            "ci": 0.0
        },
        "chrf": {
            "mean": 30.90946507569291,
            "ci": 0.0
        },
        "bertscore": {
            "mean": 0.6875746298248555,
            "ci": 0.005724323353051064
        },
        "target_lang_acc": 0.9956772334293948
    },
    "portuguese": {
        "rouge1_ref": {
            "mean": 0.33202061005692524,
            "ci": 0.01240033395180612
        },
        "rouge2_ref": {
            "mean": 0.1383282223190367,
            "ci": 0.01149553372726203
        },
        "rougeL_ref": {
            "mean": 0.2608754642739476,
            "ci": 0.011896110914636715
        },
        "bleu": {
            "mean": 7.888874735731576,
            "ci": 0.0
        },
        "chrf": {
            "mean": 30.024032877270734,
            "ci": 0.0
        },
        "bertscore": {
            "mean": 0.6956979381738846,
            "ci": 0.005680364096015134
        },
        "target_lang_acc": 1.0
    },
    "english": {
        "rouge1_ref": {
            "mean": 0.38481700003393415,
            "ci": 0.006481028490566698
        },
        "rouge2_ref": {
            "mean": 0.17482899789283424,
            "ci": 0.0056764397909658815
        },
        "rougeL_ref": {
            "mean": 0.31698060413422124,
            "ci": 0.006177975857951545
        },
        "bleu": {
            "mean": 10.793285912603059,
            "ci": 0.0
        },
        "chrf": {
            "mean": 33.75176816155995,
            "ci": 0.0
        },
        "bertscore": {
            "mean": 0.720753708603384,
            "ci": 0.002801513519880783
        },
        "target_lang_acc": 1.0
    },
    "russian": {
        "rouge1_ref": {
            "mean": 0.15907413588488356,
            "ci": 0.0217026637368343
        },
        "rouge2_ref": {
            "mean": 0.044520471740097906,
            "ci": 0.013676012461059185
        },
        "rougeL_ref": {
            "mean": 0.1574942515947189,
            "ci": 0.023785417593828795
        },
        "bleu": {
            "mean": 5.593526900958594,
            "ci": 0.0
        },
        "chrf": {
            "mean": 27.81368140661072,
            "ci": 0.0
        },
        "bertscore": {
            "mean": 0.6916936219574135,
            "ci": 0.004526070771721513
        },
        "target_lang_acc": 0.9929906542056075
    },
    "arabic": {
        "rouge1_ref": {
            "mean": 0.04123887748117727,
            "ci": 0.012666837782340866
        },
        "rouge2_ref": {
            "mean": 0.003080082135523614,
            "ci": 0.004106776180698152
        },
        "rougeL_ref": {
            "mean": 0.04123887748117727,
            "ci": 0.011982375085557835
        },
        "bleu": {
            "mean": 4.489931377523671,
            "ci": 0.0
        },
        "chrf": {
            "mean": 28.48068502634514,
            "ci": 0.0
        },
        "bertscore": {
            "mean": 0.6869961516568304,
            "ci": 0.0037770079039571858
        },
        "target_lang_acc": 1.0
    },
    "chinese_simplified": {
        "rouge1_ref": {
            "mean": 0.25499426485213894,
            "ci": 0.03189893723564807
        },
        "rouge2_ref": {
            "mean": 0.11559490644856497,
            "ci": 0.02462080517720759
        },
        "rougeL_ref": {
            "mean": 0.24982051299227886,
            "ci": 0.03486901428248518
        },
        "bleu": {
            "mean": 0.7087634418921774,
            "ci": 0.0
        },
        "chrf": {
            "mean": 19.02440622717117,
            "ci": 0.0
        },
        "bertscore": {
            "mean": 0.7206101630155634,
            "ci": 0.0076996638462311084
        },
        "target_lang_acc": 0.991869918699187
    },
    "french": {
        "rouge1_ref": {
            "mean": 0.39916404459696614,
            "ci": 0.02709147496581482
        },
        "rouge2_ref": {
            "mean": 0.21922988900860896,
            "ci": 0.030595969751722324
        },
        "rougeL_ref": {
            "mean": 0.32224396921755316,
            "ci": 0.02992190832658792
        },
        "bleu": {
            "mean": 13.411384552260472,
            "ci": 0.0
        },
        "chrf": {
            "mean": 33.909779092554196,
            "ci": 0.0
        },
        "bertscore": {
            "mean": 0.7198533287628944,
            "ci": 0.013262122661029774
        },
        "target_lang_acc": 1.0
    }
}