{
    "spanish": {
        "rouge1_ref": {
            "mean": 0.2732368267485811,
            "ci": 0.014644891384152425
        },
        "rouge2_ref": {
            "mean": 0.17552806392318666,
            "ci": 0.010325826685754408
        },
        "rougeL_ref": {
            "mean": 0.17905055680910312,
            "ci": 0.010333717387143171
        },
        "bleu": {
            "mean": 2.801768629154455,
            "ci": 0.0
        },
        "chrf": {
            "mean": 33.749845965732526,
            "ci": 0.0
        },
        "bertscore": {
            "mean": 0.6463082397685331,
            "ci": 0.006142815684570979
        },
        "bleurt": {
            "mean": 0.3381422373399236,
            "ci": 0.014538031860309497
        },
        "comet": {
            "mean": -0.7324079040413588,
            "ci": 0.07016629084847326
        },
        "target_lang_acc": 1.0
    },
    "portuguese": {
        "rouge1_ref": {
            "mean": 0.24362368063071557,
            "ci": 0.014553453900238905
        },
        "rouge2_ref": {
            "mean": 0.1708609379018003,
            "ci": 0.010583738090880784
        },
        "rougeL_ref": {
            "mean": 0.16842631704944552,
            "ci": 0.011463060960816979
        },
        "bleu": {
            "mean": 2.688606055403112,
            "ci": 0.0
        },
        "chrf": {
            "mean": 32.638949514846445,
            "ci": 0.0
        },
        "bertscore": {
            "mean": 0.6539942117837759,
            "ci": 0.006418909831689024
        },
        "bleurt": {
            "mean": 0.25183462145236823,
            "ci": 0.018573142129641285
        },
        "comet": {
            "mean": -0.6354025270646582,
            "ci": 0.07220505795334109
        },
        "target_lang_acc": 1.0
    },
    "english": {
        "rouge1_ref": {
            "mean": 0.22834478659089527,
            "ci": 0.007041309577417609
        },
        "rouge2_ref": {
            "mean": 0.160816122106053055,
            "ci": 0.004901037413318973
        },
        "rougeL_ref": {
            "mean": 0.16098078079117284,
            "ci": 0.00644960554426291
        },
        "bleu": {
            "mean": 2.2620849773701517,
            "ci": 0.0
        },
        "chrf": {
            "mean": 31.58665478047335,
            "ci": 0.0
        },
        "bertscore": {
            "mean": 0.6462836458086968,
            "ci": 0.0034641405999660257
        },
        "bleurt": {
            "mean": 0.44070526921749115,
            "ci": 0.006922190868109468
        },
        "comet": {
            "mean": -0.5467324477508664,
            "ci": 0.03335911846738304
        },
        "target_lang_acc": 1.0
    },
    "russian": {
        "rouge1_ref": {
            "mean": 0.10675983569775022,
            "ci": 0.03171727390097415
        },
        "rouge2_ref": {
            "mean": 0.118885681173816768,
            "ci": 0.012301574367252335
        },
        "rougeL_ref": {
            "mean": 0.10298442499529457,
            "ci": 0.02999280027881722
        },
        "bleu": {
            "mean": 2.140536379220982,
            "ci": 0.0
        },
        "chrf": {
            "mean": 31.583079342396065,
            "ci": 0.0
        },
        "bertscore": {
            "mean": 0.6485644111693916,
            "ci": 0.004846014890630301
        },
        "bleurt": {
            "mean": 0.4395586838787895,
            "ci": 0.010262997871485824
        },
        "comet": {
            "mean": -0.22548256009043652,
            "ci": 0.0613036039435321
        },
        "target_lang_acc": 1.0
    },
    "arabic": {
        "rouge1_ref": {
            "mean": 0.044726452340665544,
            "ci": 0.0293302312464749
        },
        "rouge2_ref": {
            "mean": 0.17338409475465313,
            "ci": 0.0067681895093062595
        },
        "rougeL_ref": {
            "mean": 0.044726452340665544,
            "ci": 0.028608291032148882
        },
        "bleu": {
            "mean": 1.6183038972261272,
            "ci": 0.0
        },
        "chrf": {
            "mean": 31.14002226473498,
            "ci": 0.0
        },
        "bertscore": {
            "mean": 0.6536424392976131,
            "ci": 0.005080837919022252
        },
        "bleurt": {
            "mean": 0.27741133523774025,
            "ci": 0.013773822188755558
        },
        "comet": {
            "mean": -0.4157683493115651,
            "ci": 0.05512561646637598
        },
        "target_lang_acc": 1.0
    },
    "chinese_simplified": {
        "rouge1_ref": {
            "mean": 0.13406093906093905,
            "ci": 0.07464406426906428
        },
        "rouge2_ref": {
            "mean": 0.174505494505494506,
            "ci": 0.03472527472527472
        },
        "rougeL_ref": {
            "mean": 0.13213786213786213,
            "ci": 0.07974067599067597
        },
        "bleu": {
            "mean": 1.6156435276311298,
            "ci": 0.0
        },
        "chrf": {
            "mean": 12.731620788402125,
            "ci": 0.0
        },
        "bertscore": {
            "mean": 0.6607752809157739,
            "ci": 0.01009822558898188
        },
        "bleurt": {
            "mean": 0.44222246202138754,
            "ci": 0.02515918468053524
        },
        "comet": {
            "mean": -0.3999366977180426,
            "ci": 0.10685307495439283
        },
        "target_lang_acc": 1.0
    },
    "french": {
        "rouge1_ref": {
            "mean": 0.29599579621866595,
            "ci": 0.03543861554496969
        },
        "rouge2_ref": {
            "mean": 0.17696140502445377,
            "ci": 0.03088421578140267
        },
        "rougeL_ref": {
            "mean": 0.184621316362417,
            "ci": 0.031373281002868625
        },
        "bleu": {
            "mean": 1.9178712030893563,
            "ci": 0.0
        },
        "chrf": {
            "mean": 32.59763839398776,
            "ci": 0.0
        },
        "bertscore": {
            "mean": 0.6539885912622724,
            "ci": 0.0203315458127431
        },
        "bleurt": {
            "mean": 0.29999356610434397,
            "ci": 0.08615277798048088
        },
        "comet": {
            "mean": -0.718953047479902,
            "ci": 0.37353334107569247
        },
        "target_lang_acc": 1.0
    }
}